{"cameraMode":{"drawMode":0,"name":"Shaded","section":"Shading Mode"},"sceneLighting":true,"audioPlay":false,"sceneViewState":{"showFog":true,"showMaterialUpdate":true,"showSkybox":true,"showFlares":true,"showImageEffects":true,"showParticleSystems":true},"in2DMode":false,"pivot":{"x":6.7415642738342289,"y":3.34189510345459,"z":-4.636940002441406},"rotation":{"x":-0.03853027522563934,"y":-0.9252429604530335,"z":0.09779923409223557,"w":-0.3645220398902893},"size":20.92194366455078,"orthographic":false}