{"cameraMode":{"drawMode":0,"name":"Shaded","section":"Shading Mode"},"sceneLighting":true,"audioPlay":false,"sceneViewState":{"showFog":true,"showMaterialUpdate":true,"showSkybox":true,"showFlares":true,"showImageEffects":true,"showParticleSystems":true},"in2DMode":false,"pivot":{"x":-2.7257800102233888,"y":-1.9256658554077149,"z":-1.0917482376098633},"rotation":{"x":0.23929272592067719,"y":-0.15418647229671479,"z":0.03851822391152382,"w":0.9578527212142944},"size":11.423192024230957,"orthographic":false}