{"cameraMode":{"drawMode":0,"name":"Shaded","section":"Shading Mode"},"sceneLighting":true,"audioPlay":false,"sceneViewState":{"showFog":true,"showMaterialUpdate":true,"showSkybox":true,"showFlares":true,"showImageEffects":true,"showParticleSystems":true},"in2DMode":false,"pivot":{"x":2.52522873878479,"y":-0.4773600101470947,"z":-2.3445210456848146},"rotation":{"x":-0.12698622047901154,"y":0.7054031491279602,"z":-0.13077595829963685,"w":-0.6849662065505981},"size":3.5565786361694338,"orthographic":false}